{
    "components": ["AG", "CO", "CU"],
    "phases": ["LIQUID","FCC_A1"],
    "conditions": {
	"P": 101325,
	"T": [
	    1273, 1273, 1273, 1273, 1273, 1273, 1273,  
	    1373, 1373, 1373, 1373, 1373, 1373, 1373, 1373, 1373,1373, 1373, 1373,
	    1473, 1473, 1473
	]
                  },
    "broadcast_conditions": false,
    "output": "ZPF",
    "values":   [
[["LIQUID", ["AG", "CO"], [0.497335721047743, 0.000348557904515161]],["FCC_A1", ["AG", "CO"], [null, null]]],
[["LIQUID", ["AG", "CO"], [0.409036128499307, 0.00214774300138541]],["FCC_A1", ["AG", "CO"], [null, null]]],
[["LIQUID", ["AG", "CO"], [0.397109859168897, 0.00142028166220648]],["FCC_A1", ["AG", "CO"], [null, null]]],
[["LIQUID", ["AG", "CO"], [0.319672197476387, 0.00653560504722656]],["FCC_A1", ["AG", "CO"], [null, null]]],
[["FCC_A1", ["AG", "CO"], [0.10455, 0]],["FCC_A1", ["AG", "CO"], [null, null]]],
[["FCC_A1", ["AG", "CO"], [0.02654, 0]],["FCC_A1", ["AG", "CO"], [null, null]]],
[["FCC_A1", ["AG", "CO"], [0, 0.004]],["FCC_A1", ["AG", "CO"], [null, null]]],

[["LIQUID", ["AG", "CO"], [0.95292322860798, 0.000273542784039353]],["FCC_A1", ["AG", "CO"], [null, null]]],
[["LIQUID", ["AG", "CO"], [0.89682322860798, 0.000273542784039353]],["FCC_A1", ["AG", "CO"], [null, null]]],
[["LIQUID", ["AG", "CO"], [0.79690322860798, 0.000273542784039353]],["FCC_A1", ["AG", "CO"], [null, null]]],
[["LIQUID", ["AG", "CO"], [0.69698322860798, 0.000273542784039353]],["FCC_A1", ["AG", "CO"], [null, null]]],
[["LIQUID", ["AG", "CO"], [0.611509607267804, 0.00314078546439157]],["FCC_A1", ["AG", "CO"], [null, null]]],
[["LIQUID", ["AG", "CO"], [0.533738629424548, 0.00890274115090403]],["FCC_A1", ["AG", "CO"], [null, null]]],
[["LIQUID", ["AG", "CO"], [0.439003210918472, 0.011073578163057]],["FCC_A1", ["AG", "CO"], [null, null]]],
[["LIQUID", ["AG", "CO"], [0.408858672997843, 0.0150226540043141]],["FCC_A1", ["AG", "CO"], [null, null]]],
[["LIQUID", ["AG", "CO"], [0.380971396063062, 0.0211772078738755]],["FCC_A1", ["AG", "CO"], [null, null]]],
[["FCC_A1", ["AG", "CO"], [0, 0.03]],["FCC_A1", ["AG", "CO"], [null, null]]],
[["FCC_A1", ["AG", "CO"], [0, 0.036]],["FCC_A1", ["AG", "CO"], [null, null]]],
[["FCC_A1", ["AG", "CO"], [0, 0.05]],["FCC_A1", ["AG", "CO"], [null, null]]],

[["LIQUID", ["AG", "CO"], [0.908401295104291, 0.0016974097914175]],["FCC_A1", ["AG", "CO"], [null, null]]],
[["LIQUID", ["AG", "CO"], [0.758238672997843, 0.0150226540043141]],["FCC_A1", ["AG", "CO"], [null, null]]],
[["LIQUID", ["AG", "CO"], [0.655576104575908, 0.0146877908481841]],["FCC_A1", ["AG", "CO"], [null, null]]]
    ],
    "reference": "ARITA1984",
    "comment": "From Table 1"
}

